,Month,accounts_charged_off
0,202002,2.2912482512592725
1,202003,60.78006204274581
2,202004,62.678148918511404
3,202005,62.69547470014175
4,202006,62.99399490177439
5,202008,63.25627787514919
6,202009,63.26518938194357
7,202010,63.26518938194357
8,202011,62.269068601620695
9,202012,62.41468013295671
10,202101,62.350367918764285
